"provincia","id","localidad","partido","municipio","cp","latitud","longitud","id_prov_mstr"
"Ciudad Autonoma de Buenos Aires","5001","Capital Federal","CAPITAL FEDERAL","CIUDAD AUTONOMA DE BUENOS AIRES","1000","","","02"
"Ciudad Autonoma de Buenos Aires","5001","Capital Federal","CAPITAL FEDERAL","CIUDAD AUTONOMA DE BUENOS AIRES","1001","","","02"
"Ciudad Autonoma de Buenos Aires","5001","Capital Federal","CAPITAL FEDERAL","CIUDAD AUTONOMA DE BUENOS AIRES","1002","","","02"
"Ciudad Autonoma de Buenos Aires","5001","Capital Federal","CAPITAL FEDERAL","CIUDAD AUTONOMA DE BUENOS AIRES","1003","","","02"
"Ciudad Autonoma de Buenos Aires","5001","Capital Federal","CAPITAL FEDERAL","CIUDAD AUTONOMA DE BUENOS AIRES","1004","","","02"
"Ciudad Autonoma de Buenos Aires","5001","Capital Federal","CAPITAL FEDERAL","CIUDAD AUTONOMA DE BUENOS AIRES","1005","","","02"
"Ciudad Autonoma de Buenos Aires","5001","Capital Federal","CAPITAL FEDERAL","CIUDAD AUTONOMA DE BUENOS AIRES","1006","","","02"
"Ciudad Autonoma de Buenos Aires","5001","Capital Federal","CAPITAL FEDERAL","CIUDAD AUTONOMA DE BUENOS AIRES","1007","","","02"
"Ciudad Autonoma de Buenos Aires","5001","Capital Federal","CAPITAL FEDERAL","CIUDAD AUTONOMA DE BUENOS AIRES","1008","","","02"
"Ciudad Autonoma de Buenos Aires","5001","Capital Federal","CAPITAL FEDERAL","CIUDAD AUTONOMA DE BUENOS AIRES","1009","","","02"
"Ciudad Autonoma de Buenos Aires","5001","Capital Federal","CAPITAL FEDERAL","CIUDAD AUTONOMA DE BUENOS AIRES","1010","","","02"
"Ciudad Autonoma de Buenos Aires","5001","Capital Federal","CAPITAL FEDERAL","CIUDAD AUTONOMA DE BUENOS AIRES","1011","","","02"
"Ciudad Autonoma de Buenos Aires","5001","Capital Federal","CAPITAL FEDERAL","CIUDAD AUTONOMA DE BUENOS AIRES","1012","","","02"
"Ciudad Autonoma de Buenos Aires","5001","Capital Federal","CAPITAL FEDERAL","CIUDAD AUTONOMA DE BUENOS AIRES","1013","","","02"
"Ciudad Autonoma de Buenos Aires","5001","Capital Federal","CAPITAL FEDERAL","CIUDAD AUTONOMA DE BUENOS AIRES","1014","","","02"
"Ciudad Autonoma de Buenos Aires","5001","Capital Federal","CAPITAL FEDERAL","CIUDAD AUTONOMA DE BUENOS AIRES","1015","","","02"
"Ciudad Autonoma de Buenos Aires","5001","Capital Federal","CAPITAL FEDERAL","CIUDAD AUTONOMA DE BUENOS AIRES","1016","","","02"
"Ciudad Autonoma de Buenos Aires","5001","Capital Federal","CAPITAL FEDERAL","CIUDAD AUTONOMA DE BUENOS AIRES","1017","","","02"
"Ciudad Autonoma de Buenos Aires","5001","Capital Federal","CAPITAL FEDERAL","CIUDAD AUTONOMA DE BUENOS AIRES","1018","","","02"
"Ciudad Autonoma de Buenos Aires","5001","Capital Federal","CAPITAL FEDERAL","CIUDAD AUTONOMA DE BUENOS AIRES","1019","","","02"
"Ciudad Autonoma de Buenos Aires","5001","Capital Federal","CAPITAL FEDERAL","CIUDAD AUTONOMA DE BUENOS AIRES","1020","","","02"
"Ciudad Autonoma de Buenos Aires","5001","Capital Federal","CAPITAL FEDERAL","CIUDAD AUTONOMA DE BUENOS AIRES","1021","","","02"
"Ciudad Autonoma de Buenos Aires","5001","Capital Federal","CAPITAL FEDERAL","CIUDAD AUTONOMA DE BUENOS AIRES","1022","","","02"
"Ciudad Autonoma de Buenos Aires","5001","Capital Federal","CAPITAL FEDERAL","CIUDAD AUTONOMA DE BUENOS AIRES","1023","","","02"
"Ciudad Autonoma de Buenos Aires","5001","Capital Federal","CAPITAL FEDERAL","CIUDAD AUTONOMA DE BUENOS AIRES","1024","","","02"
"Ciudad Autonoma de Buenos Aires","5001","Capital Federal","CAPITAL FEDERAL","CIUDAD AUTONOMA DE BUENOS AIRES","1025","","","02"
"Ciudad Autonoma de Buenos Aires","5001","Capital Federal","CAPITAL FEDERAL","CIUDAD AUTONOMA DE BUENOS AIRES","1026","","","02"
"Ciudad Autonoma de Buenos Aires","5001","Capital Federal","CAPITAL FEDERAL","CIUDAD AUTONOMA DE BUENOS AIRES","1027","","","02"
"Ciudad Autonoma de Buenos Aires","5001","Capital Federal","CAPITAL FEDERAL","CIUDAD AUTONOMA DE BUENOS AIRES","1028","","","02"
"Ciudad Autonoma de Buenos Aires","5001","Capital Federal","CAPITAL FEDERAL","CIUDAD AUTONOMA DE BUENOS AIRES","1029","","","02"
"Ciudad Autonoma de Buenos Aires","5001","Capital Federal","CAPITAL FEDERAL","CIUDAD AUTONOMA DE BUENOS AIRES","1030","","","02"
"Ciudad Autonoma de Buenos Aires","5001","Capital Federal","CAPITAL FEDERAL","CIUDAD AUTONOMA DE BUENOS AIRES","1031","","","02"
"Ciudad Autonoma de Buenos Aires","5001","Capital Federal","CAPITAL FEDERAL","CIUDAD AUTONOMA DE BUENOS AIRES","1032","","","02"
"Ciudad Autonoma de Buenos Aires","5001","Capital Federal","CAPITAL FEDERAL","CIUDAD AUTONOMA DE BUENOS AIRES","1033","","","02"
"Ciudad Autonoma de Buenos Aires","5001","Capital Federal","CAPITAL FEDERAL","CIUDAD AUTONOMA DE BUENOS AIRES","1034","","","02"
"Ciudad Autonoma de Buenos Aires","5001","Capital Federal","CAPITAL FEDERAL","CIUDAD AUTONOMA DE BUENOS AIRES","1035","","","02"
"Ciudad Autonoma de Buenos Aires","5001","Capital Federal","CAPITAL FEDERAL","CIUDAD AUTONOMA DE BUENOS AIRES","1036","","","02"
"Ciudad Autonoma de Buenos Aires","5001","Capital Federal","CAPITAL FEDERAL","CIUDAD AUTONOMA DE BUENOS AIRES","1037","","","02"
"Ciudad Autonoma de Buenos Aires","5001","Capital Federal","CAPITAL FEDERAL","CIUDAD AUTONOMA DE BUENOS AIRES","1038","","","02"
"Ciudad Autonoma de Buenos Aires","5001","Capital Federal","CAPITAL FEDERAL","CIUDAD AUTONOMA DE BUENOS AIRES","1039","","","02"
"Ciudad Autonoma de Buenos Aires","5001","Capital Federal","CAPITAL FEDERAL","CIUDAD AUTONOMA DE BUENOS AIRES","1040","","","02"
"Ciudad Autonoma de Buenos Aires","5001","Capital Federal","CAPITAL FEDERAL","CIUDAD AUTONOMA DE BUENOS AIRES","1041","","","02"
"Ciudad Autonoma de Buenos Aires","5001","Capital Federal","CAPITAL FEDERAL","CIUDAD AUTONOMA DE BUENOS AIRES","1042","","","02"
"Ciudad Autonoma de Buenos Aires","5001","Capital Federal","CAPITAL FEDERAL","CIUDAD AUTONOMA DE BUENOS AIRES","1043","","","02"
"Ciudad Autonoma de Buenos Aires","5001","Capital Federal","CAPITAL FEDERAL","CIUDAD AUTONOMA DE BUENOS AIRES","1044","","","02"
"Ciudad Autonoma de Buenos Aires","5001","Capital Federal","CAPITAL FEDERAL","CIUDAD AUTONOMA DE BUENOS AIRES","1045","","","02"
"Ciudad Autonoma de Buenos Aires","5001","Capital Federal","CAPITAL FEDERAL","CIUDAD AUTONOMA DE BUENOS AIRES","1046","","","02"
"Ciudad Autonoma de Buenos Aires","5001","Capital Federal","CAPITAL FEDERAL","CIUDAD AUTONOMA DE BUENOS AIRES","1047","","","02"
"Ciudad Autonoma de Buenos Aires","5001","Capital Federal","CAPITAL FEDERAL","CIUDAD AUTONOMA DE BUENOS AIRES","1048","","","02"
"Ciudad Autonoma de Buenos Aires","5001","Capital Federal","CAPITAL FEDERAL","CIUDAD AUTONOMA DE BUENOS AIRES","1049","","","02"
"Ciudad Autonoma de Buenos Aires","5001","Capital Federal","CAPITAL FEDERAL","CIUDAD AUTONOMA DE BUENOS AIRES","1050","","","02"
"Ciudad Autonoma de Buenos Aires","5001","Capital Federal","CAPITAL FEDERAL","CIUDAD AUTONOMA DE BUENOS AIRES","1051","","","02"
"Ciudad Autonoma de Buenos Aires","5001","Capital Federal","CAPITAL FEDERAL","CIUDAD AUTONOMA DE BUENOS AIRES","1052","","","02"
"Ciudad Autonoma de Buenos Aires","5001","Capital Federal","CAPITAL FEDERAL","CIUDAD AUTONOMA DE BUENOS AIRES","1053","","","02"
"Ciudad Autonoma de Buenos Aires","5001","Capital Federal","CAPITAL FEDERAL","CIUDAD AUTONOMA DE BUENOS AIRES","1054","","","02"
"Ciudad Autonoma de Buenos Aires","5001","Capital Federal","CAPITAL FEDERAL","CIUDAD AUTONOMA DE BUENOS AIRES","1055","","","02"
"Ciudad Autonoma de Buenos Aires","5001","Capital Federal","CAPITAL FEDERAL","CIUDAD AUTONOMA DE BUENOS AIRES","1056","","","02"
"Ciudad Autonoma de Buenos Aires","5001","Capital Federal","CAPITAL FEDERAL","CIUDAD AUTONOMA DE BUENOS AIRES","1057","","","02"
"Ciudad Autonoma de Buenos Aires","5001","Capital Federal","CAPITAL FEDERAL","CIUDAD AUTONOMA DE BUENOS AIRES","1058","","","02"
"Ciudad Autonoma de Buenos Aires","5001","Capital Federal","CAPITAL FEDERAL","CIUDAD AUTONOMA DE BUENOS AIRES","1059","","","02"
"Ciudad Autonoma de Buenos Aires","5001","Capital Federal","CAPITAL FEDERAL","CIUDAD AUTONOMA DE BUENOS AIRES","1060","","","02"
"Ciudad Autonoma de Buenos Aires","5001","Capital Federal","CAPITAL FEDERAL","CIUDAD AUTONOMA DE BUENOS AIRES","1061","","","02"
"Ciudad Autonoma de Buenos Aires","5001","Capital Federal","CAPITAL FEDERAL","CIUDAD AUTONOMA DE BUENOS AIRES","1062","","","02"
"Ciudad Autonoma de Buenos Aires","5001","Capital Federal","CAPITAL FEDERAL","CIUDAD AUTONOMA DE BUENOS AIRES","1063","","","02"
"Ciudad Autonoma de Buenos Aires","5001","Capital Federal","CAPITAL FEDERAL","CIUDAD AUTONOMA DE BUENOS AIRES","1064","","","02"
"Ciudad Autonoma de Buenos Aires","5001","Capital Federal","CAPITAL FEDERAL","CIUDAD AUTONOMA DE BUENOS AIRES","1065","","","02"
"Ciudad Autonoma de Buenos Aires","5001","Capital Federal","CAPITAL FEDERAL","CIUDAD AUTONOMA DE BUENOS AIRES","1066","","","02"
"Ciudad Autonoma de Buenos Aires","5001","Capital Federal","CAPITAL FEDERAL","CIUDAD AUTONOMA DE BUENOS AIRES","1067","","","02"
"Ciudad Autonoma de Buenos Aires","5001","Capital Federal","CAPITAL FEDERAL","CIUDAD AUTONOMA DE BUENOS AIRES","1068","","","02"
"Ciudad Autonoma de Buenos Aires","5001","Capital Federal","CAPITAL FEDERAL","CIUDAD AUTONOMA DE BUENOS AIRES","1069","","","02"
"Ciudad Autonoma de Buenos Aires","5001","Capital Federal","CAPITAL FEDERAL","CIUDAD AUTONOMA DE BUENOS AIRES","1070","","","02"
"Ciudad Autonoma de Buenos Aires","5001","Capital Federal","CAPITAL FEDERAL","CIUDAD AUTONOMA DE BUENOS AIRES","1071","","","02"
"Ciudad Autonoma de Buenos Aires","5001","Capital Federal","CAPITAL FEDERAL","CIUDAD AUTONOMA DE BUENOS AIRES","1072","","","02"
"Ciudad Autonoma de Buenos Aires","5001","Capital Federal","CAPITAL FEDERAL","CIUDAD AUTONOMA DE BUENOS AIRES","1073","","","02"
"Ciudad Autonoma de Buenos Aires","5001","Capital Federal","CAPITAL FEDERAL","CIUDAD AUTONOMA DE BUENOS AIRES","1074","","","02"
"Ciudad Autonoma de Buenos Aires","5001","Capital Federal","CAPITAL FEDERAL","CIUDAD AUTONOMA DE BUENOS AIRES","1075","","","02"
"Ciudad Autonoma de Buenos Aires","5001","Capital Federal","CAPITAL FEDERAL","CIUDAD AUTONOMA DE BUENOS AIRES","1076","","","02"
"Ciudad Autonoma de Buenos Aires","5001","Capital Federal","CAPITAL FEDERAL","CIUDAD AUTONOMA DE BUENOS AIRES","1077","","","02"
"Ciudad Autonoma de Buenos Aires","5001","Capital Federal","CAPITAL FEDERAL","CIUDAD AUTONOMA DE BUENOS AIRES","1078","","","02"
"Ciudad Autonoma de Buenos Aires","5001","Capital Federal","CAPITAL FEDERAL","CIUDAD AUTONOMA DE BUENOS AIRES","1079","","","02"
"Ciudad Autonoma de Buenos Aires","5001","Capital Federal","CAPITAL FEDERAL","CIUDAD AUTONOMA DE BUENOS AIRES","1080","","","02"
"Ciudad Autonoma de Buenos Aires","5001","Capital Federal","CAPITAL FEDERAL","CIUDAD AUTONOMA DE BUENOS AIRES","1081","","","02"
"Ciudad Autonoma de Buenos Aires","5001","Capital Federal","CAPITAL FEDERAL","CIUDAD AUTONOMA DE BUENOS AIRES","1082","","","02"
"Ciudad Autonoma de Buenos Aires","5001","Capital Federal","CAPITAL FEDERAL","CIUDAD AUTONOMA DE BUENOS AIRES","1083","","","02"
"Ciudad Autonoma de Buenos Aires","5001","Capital Federal","CAPITAL FEDERAL","CIUDAD AUTONOMA DE BUENOS AIRES","1084","","","02"
"Ciudad Autonoma de Buenos Aires","5001","Capital Federal","CAPITAL FEDERAL","CIUDAD AUTONOMA DE BUENOS AIRES","1085","","","02"
"Ciudad Autonoma de Buenos Aires","5001","Capital Federal","CAPITAL FEDERAL","CIUDAD AUTONOMA DE BUENOS AIRES","1086","","","02"
"Ciudad Autonoma de Buenos Aires","5001","Capital Federal","CAPITAL FEDERAL","CIUDAD AUTONOMA DE BUENOS AIRES","1087","","","02"
"Ciudad Autonoma de Buenos Aires","5001","Capital Federal","CAPITAL FEDERAL","CIUDAD AUTONOMA DE BUENOS AIRES","1088","","","02"
"Ciudad Autonoma de Buenos Aires","5001","Capital Federal","CAPITAL FEDERAL","CIUDAD AUTONOMA DE BUENOS AIRES","1089","","","02"
"Ciudad Autonoma de Buenos Aires","5001","Capital Federal","CAPITAL FEDERAL","CIUDAD AUTONOMA DE BUENOS AIRES","1090","","","02"
"Ciudad Autonoma de Buenos Aires","5001","Capital Federal","CAPITAL FEDERAL","CIUDAD AUTONOMA DE BUENOS AIRES","1091","","","02"
"Ciudad Autonoma de Buenos Aires","5001","Capital Federal","CAPITAL FEDERAL","CIUDAD AUTONOMA DE BUENOS AIRES","1092","","","02"
"Ciudad Autonoma de Buenos Aires","5001","Capital Federal","CAPITAL FEDERAL","CIUDAD AUTONOMA DE BUENOS AIRES","1093","","","02"
"Ciudad Autonoma de Buenos Aires","5001","Capital Federal","CAPITAL FEDERAL","CIUDAD AUTONOMA DE BUENOS AIRES","1094","","","02"
"Ciudad Autonoma de Buenos Aires","5001","Capital Federal","CAPITAL FEDERAL","CIUDAD AUTONOMA DE BUENOS AIRES","1095","","","02"
"Ciudad Autonoma de Buenos Aires","5001","Capital Federal","CAPITAL FEDERAL","CIUDAD AUTONOMA DE BUENOS AIRES","1096","","","02"
"Ciudad Autonoma de Buenos Aires","5001","Capital Federal","CAPITAL FEDERAL","CIUDAD AUTONOMA DE BUENOS AIRES","1097","","","02"
"Ciudad Autonoma de Buenos Aires","5001","Capital Federal","CAPITAL FEDERAL","CIUDAD AUTONOMA DE BUENOS AIRES","1098","","","02"
"Ciudad Autonoma de Buenos Aires","5001","Capital Federal","CAPITAL FEDERAL","CIUDAD AUTONOMA DE BUENOS AIRES","1099","","","02"
"Ciudad Autonoma de Buenos Aires","5001","Capital Federal","CAPITAL FEDERAL","CIUDAD AUTONOMA DE BUENOS AIRES","1100","","","02"
"Ciudad Autonoma de Buenos Aires","5001","Capital Federal","CAPITAL FEDERAL","CIUDAD AUTONOMA DE BUENOS AIRES","1101","","","02"
"Ciudad Autonoma de Buenos Aires","5001","Capital Federal","CAPITAL FEDERAL","CIUDAD AUTONOMA DE BUENOS AIRES","1102","","","02"
"Ciudad Autonoma de Buenos Aires","5001","Capital Federal","CAPITAL FEDERAL","CIUDAD AUTONOMA DE BUENOS AIRES","1103","","","02"
"Ciudad Autonoma de Buenos Aires","5001","Capital Federal","CAPITAL FEDERAL","CIUDAD AUTONOMA DE BUENOS AIRES","1104","","","02"
"Ciudad Autonoma de Buenos Aires","5001","Capital Federal","CAPITAL FEDERAL","CIUDAD AUTONOMA DE BUENOS AIRES","1105","","","02"
"Ciudad Autonoma de Buenos Aires","5001","Capital Federal","CAPITAL FEDERAL","CIUDAD AUTONOMA DE BUENOS AIRES","1106","","","02"
"Ciudad Autonoma de Buenos Aires","5001","Capital Federal","CAPITAL FEDERAL","CIUDAD AUTONOMA DE BUENOS AIRES","1107","","","02"
"Ciudad Autonoma de Buenos Aires","5001","Capital Federal","CAPITAL FEDERAL","CIUDAD AUTONOMA DE BUENOS AIRES","1108","","","02"
"Ciudad Autonoma de Buenos Aires","5001","Capital Federal","CAPITAL FEDERAL","CIUDAD AUTONOMA DE BUENOS AIRES","1109","","","02"
"Ciudad Autonoma de Buenos Aires","5001","Capital Federal","CAPITAL FEDERAL","CIUDAD AUTONOMA DE BUENOS AIRES","1110","","","02"
"Ciudad Autonoma de Buenos Aires","5001","Capital Federal","CAPITAL FEDERAL","CIUDAD AUTONOMA DE BUENOS AIRES","1111","","","02"
"Ciudad Autonoma de Buenos Aires","5001","Capital Federal","CAPITAL FEDERAL","CIUDAD AUTONOMA DE BUENOS AIRES","1112","","","02"
"Ciudad Autonoma de Buenos Aires","5001","Capital Federal","CAPITAL FEDERAL","CIUDAD AUTONOMA DE BUENOS AIRES","1113","","","02"
"Ciudad Autonoma de Buenos Aires","5001","Capital Federal","CAPITAL FEDERAL","CIUDAD AUTONOMA DE BUENOS AIRES","1114","","","02"
"Ciudad Autonoma de Buenos Aires","5001","Capital Federal","CAPITAL FEDERAL","CIUDAD AUTONOMA DE BUENOS AIRES","1115","","","02"
"Ciudad Autonoma de Buenos Aires","5001","Capital Federal","CAPITAL FEDERAL","CIUDAD AUTONOMA DE BUENOS AIRES","1116","","","02"
"Ciudad Autonoma de Buenos Aires","5001","Capital Federal","CAPITAL FEDERAL","CIUDAD AUTONOMA DE BUENOS AIRES","1117","","","02"
"Ciudad Autonoma de Buenos Aires","5001","Capital Federal","CAPITAL FEDERAL","CIUDAD AUTONOMA DE BUENOS AIRES","1118","","","02"
"Ciudad Autonoma de Buenos Aires","5001","Capital Federal","CAPITAL FEDERAL","CIUDAD AUTONOMA DE BUENOS AIRES","1119","","","02"
"Ciudad Autonoma de Buenos Aires","5001","Capital Federal","CAPITAL FEDERAL","CIUDAD AUTONOMA DE BUENOS AIRES","1120","","","02"
"Ciudad Autonoma de Buenos Aires","5001","Capital Federal","CAPITAL FEDERAL","CIUDAD AUTONOMA DE BUENOS AIRES","1121","","","02"
"Ciudad Autonoma de Buenos Aires","5001","Capital Federal","CAPITAL FEDERAL","CIUDAD AUTONOMA DE BUENOS AIRES","1122","","","02"
"Ciudad Autonoma de Buenos Aires","5001","Capital Federal","CAPITAL FEDERAL","CIUDAD AUTONOMA DE BUENOS AIRES","1123","","","02"
"Ciudad Autonoma de Buenos Aires","5001","Capital Federal","CAPITAL FEDERAL","CIUDAD AUTONOMA DE BUENOS AIRES","1124","","","02"
"Ciudad Autonoma de Buenos Aires","5001","Capital Federal","CAPITAL FEDERAL","CIUDAD AUTONOMA DE BUENOS AIRES","1125","","","02"
"Ciudad Autonoma de Buenos Aires","5001","Capital Federal","CAPITAL FEDERAL","CIUDAD AUTONOMA DE BUENOS AIRES","1126","","","02"
"Ciudad Autonoma de Buenos Aires","5001","Capital Federal","CAPITAL FEDERAL","CIUDAD AUTONOMA DE BUENOS AIRES","1127","","","02"
"Ciudad Autonoma de Buenos Aires","5001","Capital Federal","CAPITAL FEDERAL","CIUDAD AUTONOMA DE BUENOS AIRES","1128","","","02"
"Ciudad Autonoma de Buenos Aires","5001","Capital Federal","CAPITAL FEDERAL","CIUDAD AUTONOMA DE BUENOS AIRES","1129","","","02"
"Ciudad Autonoma de Buenos Aires","5001","Capital Federal","CAPITAL FEDERAL","CIUDAD AUTONOMA DE BUENOS AIRES","1130","","","02"
"Ciudad Autonoma de Buenos Aires","5001","Capital Federal","CAPITAL FEDERAL","CIUDAD AUTONOMA DE BUENOS AIRES","1131","","","02"
"Ciudad Autonoma de Buenos Aires","5001","Capital Federal","CAPITAL FEDERAL","CIUDAD AUTONOMA DE BUENOS AIRES","1132","","","02"
"Ciudad Autonoma de Buenos Aires","5001","Capital Federal","CAPITAL FEDERAL","CIUDAD AUTONOMA DE BUENOS AIRES","1133","","","02"
"Ciudad Autonoma de Buenos Aires","5001","Capital Federal","CAPITAL FEDERAL","CIUDAD AUTONOMA DE BUENOS AIRES","1134","","","02"
"Ciudad Autonoma de Buenos Aires","5001","Capital Federal","CAPITAL FEDERAL","CIUDAD AUTONOMA DE BUENOS AIRES","1135","","","02"
"Ciudad Autonoma de Buenos Aires","5001","Capital Federal","CAPITAL FEDERAL","CIUDAD AUTONOMA DE BUENOS AIRES","1136","","","02"
"Ciudad Autonoma de Buenos Aires","5001","Capital Federal","CAPITAL FEDERAL","CIUDAD AUTONOMA DE BUENOS AIRES","1137","","","02"
"Ciudad Autonoma de Buenos Aires","5001","Capital Federal","CAPITAL FEDERAL","CIUDAD AUTONOMA DE BUENOS AIRES","1138","","","02"
"Ciudad Autonoma de Buenos Aires","5001","Capital Federal","CAPITAL FEDERAL","CIUDAD AUTONOMA DE BUENOS AIRES","1139","","","02"
"Ciudad Autonoma de Buenos Aires","5001","Capital Federal","CAPITAL FEDERAL","CIUDAD AUTONOMA DE BUENOS AIRES","1140","","","02"
"Ciudad Autonoma de Buenos Aires","5001","Capital Federal","CAPITAL FEDERAL","CIUDAD AUTONOMA DE BUENOS AIRES","1141","","","02"
"Ciudad Autonoma de Buenos Aires","5001","Capital Federal","CAPITAL FEDERAL","CIUDAD AUTONOMA DE BUENOS AIRES","1142","","","02"
"Ciudad Autonoma de Buenos Aires","5001","Capital Federal","CAPITAL FEDERAL","CIUDAD AUTONOMA DE BUENOS AIRES","1143","","","02"
"Ciudad Autonoma de Buenos Aires","5001","Capital Federal","CAPITAL FEDERAL","CIUDAD AUTONOMA DE BUENOS AIRES","1144","","","02"
"Ciudad Autonoma de Buenos Aires","5001","Capital Federal","CAPITAL FEDERAL","CIUDAD AUTONOMA DE BUENOS AIRES","1145","","","02"
"Ciudad Autonoma de Buenos Aires","5001","Capital Federal","CAPITAL FEDERAL","CIUDAD AUTONOMA DE BUENOS AIRES","1146","","","02"
"Ciudad Autonoma de Buenos Aires","5001","Capital Federal","CAPITAL FEDERAL","CIUDAD AUTONOMA DE BUENOS AIRES","1147","","","02"
"Ciudad Autonoma de Buenos Aires","5001","Capital Federal","CAPITAL FEDERAL","CIUDAD AUTONOMA DE BUENOS AIRES","1148","","","02"
"Ciudad Autonoma de Buenos Aires","5001","Capital Federal","CAPITAL FEDERAL","CIUDAD AUTONOMA DE BUENOS AIRES","1149","","","02"
"Ciudad Autonoma de Buenos Aires","5001","Capital Federal","CAPITAL FEDERAL","CIUDAD AUTONOMA DE BUENOS AIRES","1150","","","02"
"Ciudad Autonoma de Buenos Aires","5001","Capital Federal","CAPITAL FEDERAL","CIUDAD AUTONOMA DE BUENOS AIRES","1151","","","02"
"Ciudad Autonoma de Buenos Aires","5001","Capital Federal","CAPITAL FEDERAL","CIUDAD AUTONOMA DE BUENOS AIRES","1152","","","02"
"Ciudad Autonoma de Buenos Aires","5001","Capital Federal","CAPITAL FEDERAL","CIUDAD AUTONOMA DE BUENOS AIRES","1153","","","02"
"Ciudad Autonoma de Buenos Aires","5001","Capital Federal","CAPITAL FEDERAL","CIUDAD AUTONOMA DE BUENOS AIRES","1154","","","02"
"Ciudad Autonoma de Buenos Aires","5001","Capital Federal","CAPITAL FEDERAL","CIUDAD AUTONOMA DE BUENOS AIRES","1155","","","02"
"Ciudad Autonoma de Buenos Aires","5001","Capital Federal","CAPITAL FEDERAL","CIUDAD AUTONOMA DE BUENOS AIRES","1156","","","02"
"Ciudad Autonoma de Buenos Aires","5001","Capital Federal","CAPITAL FEDERAL","CIUDAD AUTONOMA DE BUENOS AIRES","1157","","","02"
"Ciudad Autonoma de Buenos Aires","5001","Capital Federal","CAPITAL FEDERAL","CIUDAD AUTONOMA DE BUENOS AIRES","1158","","","02"
"Ciudad Autonoma de Buenos Aires","5001","Capital Federal","CAPITAL FEDERAL","CIUDAD AUTONOMA DE BUENOS AIRES","1159","","","02"
"Ciudad Autonoma de Buenos Aires","5001","Capital Federal","CAPITAL FEDERAL","CIUDAD AUTONOMA DE BUENOS AIRES","1160","","","02"
"Ciudad Autonoma de Buenos Aires","5001","Capital Federal","CAPITAL FEDERAL","CIUDAD AUTONOMA DE BUENOS AIRES","1161","","","02"
"Ciudad Autonoma de Buenos Aires","5001","Capital Federal","CAPITAL FEDERAL","CIUDAD AUTONOMA DE BUENOS AIRES","1162","","","02"
"Ciudad Autonoma de Buenos Aires","5001","Capital Federal","CAPITAL FEDERAL","CIUDAD AUTONOMA DE BUENOS AIRES","1163","","","02"
"Ciudad Autonoma de Buenos Aires","5001","Capital Federal","CAPITAL FEDERAL","CIUDAD AUTONOMA DE BUENOS AIRES","1164","","","02"
"Ciudad Autonoma de Buenos Aires","5001","Capital Federal","CAPITAL FEDERAL","CIUDAD AUTONOMA DE BUENOS AIRES","1165","","","02"
"Ciudad Autonoma de Buenos Aires","5001","Capital Federal","CAPITAL FEDERAL","CIUDAD AUTONOMA DE BUENOS AIRES","1166","","","02"
"Ciudad Autonoma de Buenos Aires","5001","Capital Federal","CAPITAL FEDERAL","CIUDAD AUTONOMA DE BUENOS AIRES","1167","","","02"
"Ciudad Autonoma de Buenos Aires","5001","Capital Federal","CAPITAL FEDERAL","CIUDAD AUTONOMA DE BUENOS AIRES","1168","","","02"
"Ciudad Autonoma de Buenos Aires","5001","Capital Federal","CAPITAL FEDERAL","CIUDAD AUTONOMA DE BUENOS AIRES","1169","","","02"
"Ciudad Autonoma de Buenos Aires","5001","Capital Federal","CAPITAL FEDERAL","CIUDAD AUTONOMA DE BUENOS AIRES","1170","","","02"
"Ciudad Autonoma de Buenos Aires","5001","Capital Federal","CAPITAL FEDERAL","CIUDAD AUTONOMA DE BUENOS AIRES","1171","","","02"
"Ciudad Autonoma de Buenos Aires","5001","Capital Federal","CAPITAL FEDERAL","CIUDAD AUTONOMA DE BUENOS AIRES","1172","","","02"
"Ciudad Autonoma de Buenos Aires","5001","Capital Federal","CAPITAL FEDERAL","CIUDAD AUTONOMA DE BUENOS AIRES","1173","","","02"
"Ciudad Autonoma de Buenos Aires","5001","Capital Federal","CAPITAL FEDERAL","CIUDAD AUTONOMA DE BUENOS AIRES","1174","","","02"
"Ciudad Autonoma de Buenos Aires","5001","Capital Federal","CAPITAL FEDERAL","CIUDAD AUTONOMA DE BUENOS AIRES","1175","","","02"
"Ciudad Autonoma de Buenos Aires","5001","Capital Federal","CAPITAL FEDERAL","CIUDAD AUTONOMA DE BUENOS AIRES","1176","","","02"
"Ciudad Autonoma de Buenos Aires","5001","Capital Federal","CAPITAL FEDERAL","CIUDAD AUTONOMA DE BUENOS AIRES","1177","","","02"
"Ciudad Autonoma de Buenos Aires","5001","Capital Federal","CAPITAL FEDERAL","CIUDAD AUTONOMA DE BUENOS AIRES","1178","","","02"
"Ciudad Autonoma de Buenos Aires","5001","Capital Federal","CAPITAL FEDERAL","CIUDAD AUTONOMA DE BUENOS AIRES","1179","","","02"
"Ciudad Autonoma de Buenos Aires","5001","Capital Federal","CAPITAL FEDERAL","CIUDAD AUTONOMA DE BUENOS AIRES","1180","","","02"
"Ciudad Autonoma de Buenos Aires","5001","Capital Federal","CAPITAL FEDERAL","CIUDAD AUTONOMA DE BUENOS AIRES","1181","","","02"
"Ciudad Autonoma de Buenos Aires","5001","Capital Federal","CAPITAL FEDERAL","CIUDAD AUTONOMA DE BUENOS AIRES","1182","","","02"
"Ciudad Autonoma de Buenos Aires","5001","Capital Federal","CAPITAL FEDERAL","CIUDAD AUTONOMA DE BUENOS AIRES","1183","","","02"
"Ciudad Autonoma de Buenos Aires","5001","Capital Federal","CAPITAL FEDERAL","CIUDAD AUTONOMA DE BUENOS AIRES","1184","","","02"
"Ciudad Autonoma de Buenos Aires","5001","Capital Federal","CAPITAL FEDERAL","CIUDAD AUTONOMA DE BUENOS AIRES","1185","","","02"
"Ciudad Autonoma de Buenos Aires","5001","Capital Federal","CAPITAL FEDERAL","CIUDAD AUTONOMA DE BUENOS AIRES","1186","","","02"
"Ciudad Autonoma de Buenos Aires","5001","Capital Federal","CAPITAL FEDERAL","CIUDAD AUTONOMA DE BUENOS AIRES","1187","","","02"
"Ciudad Autonoma de Buenos Aires","5001","Capital Federal","CAPITAL FEDERAL","CIUDAD AUTONOMA DE BUENOS AIRES","1188","","","02"
"Ciudad Autonoma de Buenos Aires","5001","Capital Federal","CAPITAL FEDERAL","CIUDAD AUTONOMA DE BUENOS AIRES","1189","","","02"
"Ciudad Autonoma de Buenos Aires","5001","Capital Federal","CAPITAL FEDERAL","CIUDAD AUTONOMA DE BUENOS AIRES","1190","","","02"
"Ciudad Autonoma de Buenos Aires","5001","Capital Federal","CAPITAL FEDERAL","CIUDAD AUTONOMA DE BUENOS AIRES","1191","","","02"
"Ciudad Autonoma de Buenos Aires","5001","Capital Federal","CAPITAL FEDERAL","CIUDAD AUTONOMA DE BUENOS AIRES","1192","","","02"
"Ciudad Autonoma de Buenos Aires","5001","Capital Federal","CAPITAL FEDERAL","CIUDAD AUTONOMA DE BUENOS AIRES","1193","","","02"
"Ciudad Autonoma de Buenos Aires","5001","Capital Federal","CAPITAL FEDERAL","CIUDAD AUTONOMA DE BUENOS AIRES","1194","","","02"
"Ciudad Autonoma de Buenos Aires","5001","Capital Federal","CAPITAL FEDERAL","CIUDAD AUTONOMA DE BUENOS AIRES","1195","","","02"
"Ciudad Autonoma de Buenos Aires","5001","Capital Federal","CAPITAL FEDERAL","CIUDAD AUTONOMA DE BUENOS AIRES","1196","","","02"
"Ciudad Autonoma de Buenos Aires","5001","Capital Federal","CAPITAL FEDERAL","CIUDAD AUTONOMA DE BUENOS AIRES","1197","","","02"
"Ciudad Autonoma de Buenos Aires","5001","Capital Federal","CAPITAL FEDERAL","CIUDAD AUTONOMA DE BUENOS AIRES","1198","","","02"
"Ciudad Autonoma de Buenos Aires","5001","Capital Federal","CAPITAL FEDERAL","CIUDAD AUTONOMA DE BUENOS AIRES","1199","","","02"
"Ciudad Autonoma de Buenos Aires","5001","Capital Federal","CAPITAL FEDERAL","CIUDAD AUTONOMA DE BUENOS AIRES","1200","","","02"
"Ciudad Autonoma de Buenos Aires","5001","Capital Federal","CAPITAL FEDERAL","CIUDAD AUTONOMA DE BUENOS AIRES","1201","","","02"
"Ciudad Autonoma de Buenos Aires","5001","Capital Federal","CAPITAL FEDERAL","CIUDAD AUTONOMA DE BUENOS AIRES","1202","","","02"
"Ciudad Autonoma de Buenos Aires","5001","Capital Federal","CAPITAL FEDERAL","CIUDAD AUTONOMA DE BUENOS AIRES","1203","","","02"
"Ciudad Autonoma de Buenos Aires","5001","Capital Federal","CAPITAL FEDERAL","CIUDAD AUTONOMA DE BUENOS AIRES","1204","","","02"
"Ciudad Autonoma de Buenos Aires","5001","Capital Federal","CAPITAL FEDERAL","CIUDAD AUTONOMA DE BUENOS AIRES","1205","","","02"
"Ciudad Autonoma de Buenos Aires","5001","Capital Federal","CAPITAL FEDERAL","CIUDAD AUTONOMA DE BUENOS AIRES","1206","","","02"
"Ciudad Autonoma de Buenos Aires","5001","Capital Federal","CAPITAL FEDERAL","CIUDAD AUTONOMA DE BUENOS AIRES","1207","","","02"
"Ciudad Autonoma de Buenos Aires","5001","Capital Federal","CAPITAL FEDERAL","CIUDAD AUTONOMA DE BUENOS AIRES","1208","","","02"
"Ciudad Autonoma de Buenos Aires","5001","Capital Federal","CAPITAL FEDERAL","CIUDAD AUTONOMA DE BUENOS AIRES","1209","","","02"
"Ciudad Autonoma de Buenos Aires","5001","Capital Federal","CAPITAL FEDERAL","CIUDAD AUTONOMA DE BUENOS AIRES","1210","","","02"
"Ciudad Autonoma de Buenos Aires","5001","Capital Federal","CAPITAL FEDERAL","CIUDAD AUTONOMA DE BUENOS AIRES","1211","","","02"
"Ciudad Autonoma de Buenos Aires","5001","Capital Federal","CAPITAL FEDERAL","CIUDAD AUTONOMA DE BUENOS AIRES","1212","","","02"
"Ciudad Autonoma de Buenos Aires","5001","Capital Federal","CAPITAL FEDERAL","CIUDAD AUTONOMA DE BUENOS AIRES","1213","","","02"
"Ciudad Autonoma de Buenos Aires","5001","Capital Federal","CAPITAL FEDERAL","CIUDAD AUTONOMA DE BUENOS AIRES","1214","","","02"
"Ciudad Autonoma de Buenos Aires","5001","Capital Federal","CAPITAL FEDERAL","CIUDAD AUTONOMA DE BUENOS AIRES","1215","","","02"
"Ciudad Autonoma de Buenos Aires","5001","Capital Federal","CAPITAL FEDERAL","CIUDAD AUTONOMA DE BUENOS AIRES","1216","","","02"
"Ciudad Autonoma de Buenos Aires","5001","Capital Federal","CAPITAL FEDERAL","CIUDAD AUTONOMA DE BUENOS AIRES","1217","","","02"
"Ciudad Autonoma de Buenos Aires","5001","Capital Federal","CAPITAL FEDERAL","CIUDAD AUTONOMA DE BUENOS AIRES","1218","","","02"
"Ciudad Autonoma de Buenos Aires","5001","Capital Federal","CAPITAL FEDERAL","CIUDAD AUTONOMA DE BUENOS AIRES","1219","","","02"
"Ciudad Autonoma de Buenos Aires","5001","Capital Federal","CAPITAL FEDERAL","CIUDAD AUTONOMA DE BUENOS AIRES","1220","","","02"
"Ciudad Autonoma de Buenos Aires","5001","Capital Federal","CAPITAL FEDERAL","CIUDAD AUTONOMA DE BUENOS AIRES","1221","","","02"
"Ciudad Autonoma de Buenos Aires","5001","Capital Federal","CAPITAL FEDERAL","CIUDAD AUTONOMA DE BUENOS AIRES","1222","","","02"
"Ciudad Autonoma de Buenos Aires","5001","Capital Federal","CAPITAL FEDERAL","CIUDAD AUTONOMA DE BUENOS AIRES","1223","","","02"
"Ciudad Autonoma de Buenos Aires","5001","Capital Federal","CAPITAL FEDERAL","CIUDAD AUTONOMA DE BUENOS AIRES","1224","","","02"
"Ciudad Autonoma de Buenos Aires","5001","Capital Federal","CAPITAL FEDERAL","CIUDAD AUTONOMA DE BUENOS AIRES","1225","","","02"
"Ciudad Autonoma de Buenos Aires","5001","Capital Federal","CAPITAL FEDERAL","CIUDAD AUTONOMA DE BUENOS AIRES","1226","","","02"
"Ciudad Autonoma de Buenos Aires","5001","Capital Federal","CAPITAL FEDERAL","CIUDAD AUTONOMA DE BUENOS AIRES","1227","","","02"
"Ciudad Autonoma de Buenos Aires","5001","Capital Federal","CAPITAL FEDERAL","CIUDAD AUTONOMA DE BUENOS AIRES","1228","","","02"
"Ciudad Autonoma de Buenos Aires","5001","Capital Federal","CAPITAL FEDERAL","CIUDAD AUTONOMA DE BUENOS AIRES","1229","","","02"
"Ciudad Autonoma de Buenos Aires","5001","Capital Federal","CAPITAL FEDERAL","CIUDAD AUTONOMA DE BUENOS AIRES","1230","","","02"
"Ciudad Autonoma de Buenos Aires","5001","Capital Federal","CAPITAL FEDERAL","CIUDAD AUTONOMA DE BUENOS AIRES","1231","","","02"
"Ciudad Autonoma de Buenos Aires","5001","Capital Federal","CAPITAL FEDERAL","CIUDAD AUTONOMA DE BUENOS AIRES","1232","","","02"
"Ciudad Autonoma de Buenos Aires","5001","Capital Federal","CAPITAL FEDERAL","CIUDAD AUTONOMA DE BUENOS AIRES","1233","","","02"
"Ciudad Autonoma de Buenos Aires","5001","Capital Federal","CAPITAL FEDERAL","CIUDAD AUTONOMA DE BUENOS AIRES","1234","","","02"
"Ciudad Autonoma de Buenos Aires","5001","Capital Federal","CAPITAL FEDERAL","CIUDAD AUTONOMA DE BUENOS AIRES","1235","","","02"
"Ciudad Autonoma de Buenos Aires","5001","Capital Federal","CAPITAL FEDERAL","CIUDAD AUTONOMA DE BUENOS AIRES","1236","","","02"
"Ciudad Autonoma de Buenos Aires","5001","Capital Federal","CAPITAL FEDERAL","CIUDAD AUTONOMA DE BUENOS AIRES","1237","","","02"
"Ciudad Autonoma de Buenos Aires","5001","Capital Federal","CAPITAL FEDERAL","CIUDAD AUTONOMA DE BUENOS AIRES","1238","","","02"
"Ciudad Autonoma de Buenos Aires","5001","Capital Federal","CAPITAL FEDERAL","CIUDAD AUTONOMA DE BUENOS AIRES","1239","","","02"
"Ciudad Autonoma de Buenos Aires","5001","Capital Federal","CAPITAL FEDERAL","CIUDAD AUTONOMA DE BUENOS AIRES","1240","","","02"
"Ciudad Autonoma de Buenos Aires","5001","Capital Federal","CAPITAL FEDERAL","CIUDAD AUTONOMA DE BUENOS AIRES","1241","","","02"
"Ciudad Autonoma de Buenos Aires","5001","Capital Federal","CAPITAL FEDERAL","CIUDAD AUTONOMA DE BUENOS AIRES","1242","","","02"
"Ciudad Autonoma de Buenos Aires","5001","Capital Federal","CAPITAL FEDERAL","CIUDAD AUTONOMA DE BUENOS AIRES","1243","","","02"
"Ciudad Autonoma de Buenos Aires","5001","Capital Federal","CAPITAL FEDERAL","CIUDAD AUTONOMA DE BUENOS AIRES","1244","","","02"
"Ciudad Autonoma de Buenos Aires","5001","Capital Federal","CAPITAL FEDERAL","CIUDAD AUTONOMA DE BUENOS AIRES","1245","","","02"
"Ciudad Autonoma de Buenos Aires","5001","Capital Federal","CAPITAL FEDERAL","CIUDAD AUTONOMA DE BUENOS AIRES","1246","","","02"
"Ciudad Autonoma de Buenos Aires","5001","Capital Federal","CAPITAL FEDERAL","CIUDAD AUTONOMA DE BUENOS AIRES","1247","","","02"
"Ciudad Autonoma de Buenos Aires","5001","Capital Federal","CAPITAL FEDERAL","CIUDAD AUTONOMA DE BUENOS AIRES","1248","","","02"
"Ciudad Autonoma de Buenos Aires","5001","Capital Federal","CAPITAL FEDERAL","CIUDAD AUTONOMA DE BUENOS AIRES","1249","","","02"
"Ciudad Autonoma de Buenos Aires","5001","Capital Federal","CAPITAL FEDERAL","CIUDAD AUTONOMA DE BUENOS AIRES","1250","","","02"
"Ciudad Autonoma de Buenos Aires","5001","Capital Federal","CAPITAL FEDERAL","CIUDAD AUTONOMA DE BUENOS AIRES","1251","","","02"
"Ciudad Autonoma de Buenos Aires","5001","Capital Federal","CAPITAL FEDERAL","CIUDAD AUTONOMA DE BUENOS AIRES","1252","","","02"
"Ciudad Autonoma de Buenos Aires","5001","Capital Federal","CAPITAL FEDERAL","CIUDAD AUTONOMA DE BUENOS AIRES","1253","","","02"
"Ciudad Autonoma de Buenos Aires","5001","Capital Federal","CAPITAL FEDERAL","CIUDAD AUTONOMA DE BUENOS AIRES","1254","","","02"
"Ciudad Autonoma de Buenos Aires","5001","Capital Federal","CAPITAL FEDERAL","CIUDAD AUTONOMA DE BUENOS AIRES","1255","","","02"
"Ciudad Autonoma de Buenos Aires","5001","Capital Federal","CAPITAL FEDERAL","CIUDAD AUTONOMA DE BUENOS AIRES","1256","","","02"
"Ciudad Autonoma de Buenos Aires","5001","Capital Federal","CAPITAL FEDERAL","CIUDAD AUTONOMA DE BUENOS AIRES","1257","","","02"
"Ciudad Autonoma de Buenos Aires","5001","Capital Federal","CAPITAL FEDERAL","CIUDAD AUTONOMA DE BUENOS AIRES","1258","","","02"
"Ciudad Autonoma de Buenos Aires","5001","Capital Federal","CAPITAL FEDERAL","CIUDAD AUTONOMA DE BUENOS AIRES","1259","","","02"
"Ciudad Autonoma de Buenos Aires","5001","Capital Federal","CAPITAL FEDERAL","CIUDAD AUTONOMA DE BUENOS AIRES","1260","","","02"
"Ciudad Autonoma de Buenos Aires","5001","Capital Federal","CAPITAL FEDERAL","CIUDAD AUTONOMA DE BUENOS AIRES","1261","","","02"
"Ciudad Autonoma de Buenos Aires","5001","Capital Federal","CAPITAL FEDERAL","CIUDAD AUTONOMA DE BUENOS AIRES","1262","","","02"
"Ciudad Autonoma de Buenos Aires","5001","Capital Federal","CAPITAL FEDERAL","CIUDAD AUTONOMA DE BUENOS AIRES","1263","","","02"
"Ciudad Autonoma de Buenos Aires","5001","Capital Federal","CAPITAL FEDERAL","CIUDAD AUTONOMA DE BUENOS AIRES","1264","","","02"
"Ciudad Autonoma de Buenos Aires","5001","Capital Federal","CAPITAL FEDERAL","CIUDAD AUTONOMA DE BUENOS AIRES","1265","","","02"
"Ciudad Autonoma de Buenos Aires","5001","Capital Federal","CAPITAL FEDERAL","CIUDAD AUTONOMA DE BUENOS AIRES","1266","","","02"
"Ciudad Autonoma de Buenos Aires","5001","Capital Federal","CAPITAL FEDERAL","CIUDAD AUTONOMA DE BUENOS AIRES","1267","","","02"
"Ciudad Autonoma de Buenos Aires","5001","Capital Federal","CAPITAL FEDERAL","CIUDAD AUTONOMA DE BUENOS AIRES","1268","","","02"
"Ciudad Autonoma de Buenos Aires","5001","Capital Federal","CAPITAL FEDERAL","CIUDAD AUTONOMA DE BUENOS AIRES","1269","","","02"
"Ciudad Autonoma de Buenos Aires","5001","Capital Federal","CAPITAL FEDERAL","CIUDAD AUTONOMA DE BUENOS AIRES","1270","","","02"
"Ciudad Autonoma de Buenos Aires","5001","Capital Federal","CAPITAL FEDERAL","CIUDAD AUTONOMA DE BUENOS AIRES","1271","","","02"
"Ciudad Autonoma de Buenos Aires","5001","Capital Federal","CAPITAL FEDERAL","CIUDAD AUTONOMA DE BUENOS AIRES","1272","","","02"
"Ciudad Autonoma de Buenos Aires","5001","Capital Federal","CAPITAL FEDERAL","CIUDAD AUTONOMA DE BUENOS AIRES","1273","","","02"
"Ciudad Autonoma de Buenos Aires","5001","Capital Federal","CAPITAL FEDERAL","CIUDAD AUTONOMA DE BUENOS AIRES","1274","","","02"
"Ciudad Autonoma de Buenos Aires","5001","Capital Federal","CAPITAL FEDERAL","CIUDAD AUTONOMA DE BUENOS AIRES","1275","","","02"
"Ciudad Autonoma de Buenos Aires","5001","Capital Federal","CAPITAL FEDERAL","CIUDAD AUTONOMA DE BUENOS AIRES","1276","","","02"
"Ciudad Autonoma de Buenos Aires","5001","Capital Federal","CAPITAL FEDERAL","CIUDAD AUTONOMA DE BUENOS AIRES","1277","","","02"
"Ciudad Autonoma de Buenos Aires","5001","Capital Federal","CAPITAL FEDERAL","CIUDAD AUTONOMA DE BUENOS AIRES","1278","","","02"
"Ciudad Autonoma de Buenos Aires","5001","Capital Federal","CAPITAL FEDERAL","CIUDAD AUTONOMA DE BUENOS AIRES","1279","","","02"
"Ciudad Autonoma de Buenos Aires","5001","Capital Federal","CAPITAL FEDERAL","CIUDAD AUTONOMA DE BUENOS AIRES","1280","","","02"
"Ciudad Autonoma de Buenos Aires","5001","Capital Federal","CAPITAL FEDERAL","CIUDAD AUTONOMA DE BUENOS AIRES","1281","","","02"
"Ciudad Autonoma de Buenos Aires","5001","Capital Federal","CAPITAL FEDERAL","CIUDAD AUTONOMA DE BUENOS AIRES","1282","","","02"
"Ciudad Autonoma de Buenos Aires","5001","Capital Federal","CAPITAL FEDERAL","CIUDAD AUTONOMA DE BUENOS AIRES","1283","","","02"
"Ciudad Autonoma de Buenos Aires","5001","Capital Federal","CAPITAL FEDERAL","CIUDAD AUTONOMA DE BUENOS AIRES","1284","","","02"
"Ciudad Autonoma de Buenos Aires","5001","Capital Federal","CAPITAL FEDERAL","CIUDAD AUTONOMA DE BUENOS AIRES","1285","","","02"
"Ciudad Autonoma de Buenos Aires","5001","Capital Federal","CAPITAL FEDERAL","CIUDAD AUTONOMA DE BUENOS AIRES","1286","","","02"
"Ciudad Autonoma de Buenos Aires","5001","Capital Federal","CAPITAL FEDERAL","CIUDAD AUTONOMA DE BUENOS AIRES","1287","","","02"
"Ciudad Autonoma de Buenos Aires","5001","Capital Federal","CAPITAL FEDERAL","CIUDAD AUTONOMA DE BUENOS AIRES","1288","","","02"
"Ciudad Autonoma de Buenos Aires","5001","Capital Federal","CAPITAL FEDERAL","CIUDAD AUTONOMA DE BUENOS AIRES","1289","","","02"
"Ciudad Autonoma de Buenos Aires","5001","Capital Federal","CAPITAL FEDERAL","CIUDAD AUTONOMA DE BUENOS AIRES","1290","","","02"
"Ciudad Autonoma de Buenos Aires","5001","Capital Federal","CAPITAL FEDERAL","CIUDAD AUTONOMA DE BUENOS AIRES","1291","","","02"
"Ciudad Autonoma de Buenos Aires","5001","Capital Federal","CAPITAL FEDERAL","CIUDAD AUTONOMA DE BUENOS AIRES","1292","","","02"
"Ciudad Autonoma de Buenos Aires","5001","Capital Federal","CAPITAL FEDERAL","CIUDAD AUTONOMA DE BUENOS AIRES","1293","","","02"
"Ciudad Autonoma de Buenos Aires","5001","Capital Federal","CAPITAL FEDERAL","CIUDAD AUTONOMA DE BUENOS AIRES","1294","","","02"
"Ciudad Autonoma de Buenos Aires","5001","Capital Federal","CAPITAL FEDERAL","CIUDAD AUTONOMA DE BUENOS AIRES","1295","","","02"
"Ciudad Autonoma de Buenos Aires","5001","Capital Federal","CAPITAL FEDERAL","CIUDAD AUTONOMA DE BUENOS AIRES","1296","","","02"
"Ciudad Autonoma de Buenos Aires","5001","Capital Federal","CAPITAL FEDERAL","CIUDAD AUTONOMA DE BUENOS AIRES","1297","","","02"
"Ciudad Autonoma de Buenos Aires","5001","Capital Federal","CAPITAL FEDERAL","CIUDAD AUTONOMA DE BUENOS AIRES","1298","","","02"
"Ciudad Autonoma de Buenos Aires","5001","Capital Federal","CAPITAL FEDERAL","CIUDAD AUTONOMA DE BUENOS AIRES","1299","","","02"
"Ciudad Autonoma de Buenos Aires","5001","Capital Federal","CAPITAL FEDERAL","CIUDAD AUTONOMA DE BUENOS AIRES","1300","","","02"
"Ciudad Autonoma de Buenos Aires","5001","Capital Federal","CAPITAL FEDERAL","CIUDAD AUTONOMA DE BUENOS AIRES","1301","","","02"
"Ciudad Autonoma de Buenos Aires","5001","Capital Federal","CAPITAL FEDERAL","CIUDAD AUTONOMA DE BUENOS AIRES","1302","","","02"
"Ciudad Autonoma de Buenos Aires","5001","Capital Federal","CAPITAL FEDERAL","CIUDAD AUTONOMA DE BUENOS AIRES","1303","","","02"
"Ciudad Autonoma de Buenos Aires","5001","Capital Federal","CAPITAL FEDERAL","CIUDAD AUTONOMA DE BUENOS AIRES","1304","","","02"
"Ciudad Autonoma de Buenos Aires","5001","Capital Federal","CAPITAL FEDERAL","CIUDAD AUTONOMA DE BUENOS AIRES","1305","","","02"
"Ciudad Autonoma de Buenos Aires","5001","Capital Federal","CAPITAL FEDERAL","CIUDAD AUTONOMA DE BUENOS AIRES","1306","","","02"
"Ciudad Autonoma de Buenos Aires","5001","Capital Federal","CAPITAL FEDERAL","CIUDAD AUTONOMA DE BUENOS AIRES","1307","","","02"
"Ciudad Autonoma de Buenos Aires","5001","Capital Federal","CAPITAL FEDERAL","CIUDAD AUTONOMA DE BUENOS AIRES","1308","","","02"
"Ciudad Autonoma de Buenos Aires","5001","Capital Federal","CAPITAL FEDERAL","CIUDAD AUTONOMA DE BUENOS AIRES","1309","","","02"
"Ciudad Autonoma de Buenos Aires","5001","Capital Federal","CAPITAL FEDERAL","CIUDAD AUTONOMA DE BUENOS AIRES","1310","","","02"
"Ciudad Autonoma de Buenos Aires","5001","Capital Federal","CAPITAL FEDERAL","CIUDAD AUTONOMA DE BUENOS AIRES","1311","","","02"
"Ciudad Autonoma de Buenos Aires","5001","Capital Federal","CAPITAL FEDERAL","CIUDAD AUTONOMA DE BUENOS AIRES","1312","","","02"
"Ciudad Autonoma de Buenos Aires","5001","Capital Federal","CAPITAL FEDERAL","CIUDAD AUTONOMA DE BUENOS AIRES","1313","","","02"
"Ciudad Autonoma de Buenos Aires","5001","Capital Federal","CAPITAL FEDERAL","CIUDAD AUTONOMA DE BUENOS AIRES","1314","","","02"
"Ciudad Autonoma de Buenos Aires","5001","Capital Federal","CAPITAL FEDERAL","CIUDAD AUTONOMA DE BUENOS AIRES","1315","","","02"
"Ciudad Autonoma de Buenos Aires","5001","Capital Federal","CAPITAL FEDERAL","CIUDAD AUTONOMA DE BUENOS AIRES","1316","","","02"
"Ciudad Autonoma de Buenos Aires","5001","Capital Federal","CAPITAL FEDERAL","CIUDAD AUTONOMA DE BUENOS AIRES","1317","","","02"
"Ciudad Autonoma de Buenos Aires","5001","Capital Federal","CAPITAL FEDERAL","CIUDAD AUTONOMA DE BUENOS AIRES","1318","","","02"
"Ciudad Autonoma de Buenos Aires","5001","Capital Federal","CAPITAL FEDERAL","CIUDAD AUTONOMA DE BUENOS AIRES","1319","","","02"
"Ciudad Autonoma de Buenos Aires","5001","Capital Federal","CAPITAL FEDERAL","CIUDAD AUTONOMA DE BUENOS AIRES","1320","","","02"
"Ciudad Autonoma de Buenos Aires","5001","Capital Federal","CAPITAL FEDERAL","CIUDAD AUTONOMA DE BUENOS AIRES","1321","","","02"
"Ciudad Autonoma de Buenos Aires","5001","Capital Federal","CAPITAL FEDERAL","CIUDAD AUTONOMA DE BUENOS AIRES","1322","","","02"
"Ciudad Autonoma de Buenos Aires","5001","Capital Federal","CAPITAL FEDERAL","CIUDAD AUTONOMA DE BUENOS AIRES","1323","","","02"
"Ciudad Autonoma de Buenos Aires","5001","Capital Federal","CAPITAL FEDERAL","CIUDAD AUTONOMA DE BUENOS AIRES","1324","","","02"
"Ciudad Autonoma de Buenos Aires","5001","Capital Federal","CAPITAL FEDERAL","CIUDAD AUTONOMA DE BUENOS AIRES","1325","","","02"
"Ciudad Autonoma de Buenos Aires","5001","Capital Federal","CAPITAL FEDERAL","CIUDAD AUTONOMA DE BUENOS AIRES","1326","","","02"
"Ciudad Autonoma de Buenos Aires","5001","Capital Federal","CAPITAL FEDERAL","CIUDAD AUTONOMA DE BUENOS AIRES","1327","","","02"
"Ciudad Autonoma de Buenos Aires","5001","Capital Federal","CAPITAL FEDERAL","CIUDAD AUTONOMA DE BUENOS AIRES","1328","","","02"
"Ciudad Autonoma de Buenos Aires","5001","Capital Federal","CAPITAL FEDERAL","CIUDAD AUTONOMA DE BUENOS AIRES","1329","","","02"
"Ciudad Autonoma de Buenos Aires","5001","Capital Federal","CAPITAL FEDERAL","CIUDAD AUTONOMA DE BUENOS AIRES","1330","","","02"
"Ciudad Autonoma de Buenos Aires","5001","Capital Federal","CAPITAL FEDERAL","CIUDAD AUTONOMA DE BUENOS AIRES","1331","","","02"
"Ciudad Autonoma de Buenos Aires","5001","Capital Federal","CAPITAL FEDERAL","CIUDAD AUTONOMA DE BUENOS AIRES","1332","","","02"
"Ciudad Autonoma de Buenos Aires","5001","Capital Federal","CAPITAL FEDERAL","CIUDAD AUTONOMA DE BUENOS AIRES","1333","","","02"
"Ciudad Autonoma de Buenos Aires","5001","Capital Federal","CAPITAL FEDERAL","CIUDAD AUTONOMA DE BUENOS AIRES","1334","","","02"
"Ciudad Autonoma de Buenos Aires","5001","Capital Federal","CAPITAL FEDERAL","CIUDAD AUTONOMA DE BUENOS AIRES","1335","","","02"
"Ciudad Autonoma de Buenos Aires","5001","Capital Federal","CAPITAL FEDERAL","CIUDAD AUTONOMA DE BUENOS AIRES","1336","","","02"
"Ciudad Autonoma de Buenos Aires","5001","Capital Federal","CAPITAL FEDERAL","CIUDAD AUTONOMA DE BUENOS AIRES","1337","","","02"
"Ciudad Autonoma de Buenos Aires","5001","Capital Federal","CAPITAL FEDERAL","CIUDAD AUTONOMA DE BUENOS AIRES","1338","","","02"
"Ciudad Autonoma de Buenos Aires","5001","Capital Federal","CAPITAL FEDERAL","CIUDAD AUTONOMA DE BUENOS AIRES","1339","","","02"
"Ciudad Autonoma de Buenos Aires","5001","Capital Federal","CAPITAL FEDERAL","CIUDAD AUTONOMA DE BUENOS AIRES","1340","","","02"
"Ciudad Autonoma de Buenos Aires","5001","Capital Federal","CAPITAL FEDERAL","CIUDAD AUTONOMA DE BUENOS AIRES","1341","","","02"
"Ciudad Autonoma de Buenos Aires","5001","Capital Federal","CAPITAL FEDERAL","CIUDAD AUTONOMA DE BUENOS AIRES","1342","","","02"
"Ciudad Autonoma de Buenos Aires","5001","Capital Federal","CAPITAL FEDERAL","CIUDAD AUTONOMA DE BUENOS AIRES","1343","","","02"
"Ciudad Autonoma de Buenos Aires","5001","Capital Federal","CAPITAL FEDERAL","CIUDAD AUTONOMA DE BUENOS AIRES","1344","","","02"
"Ciudad Autonoma de Buenos Aires","5001","Capital Federal","CAPITAL FEDERAL","CIUDAD AUTONOMA DE BUENOS AIRES","1345","","","02"
"Ciudad Autonoma de Buenos Aires","5001","Capital Federal","CAPITAL FEDERAL","CIUDAD AUTONOMA DE BUENOS AIRES","1346","","","02"
"Ciudad Autonoma de Buenos Aires","5001","Capital Federal","CAPITAL FEDERAL","CIUDAD AUTONOMA DE BUENOS AIRES","1347","","","02"
"Ciudad Autonoma de Buenos Aires","5001","Capital Federal","CAPITAL FEDERAL","CIUDAD AUTONOMA DE BUENOS AIRES","1348","","","02"
"Ciudad Autonoma de Buenos Aires","5001","Capital Federal","CAPITAL FEDERAL","CIUDAD AUTONOMA DE BUENOS AIRES","1349","","","02"
"Ciudad Autonoma de Buenos Aires","5001","Capital Federal","CAPITAL FEDERAL","CIUDAD AUTONOMA DE BUENOS AIRES","1350","","","02"
"Ciudad Autonoma de Buenos Aires","5001","Capital Federal","CAPITAL FEDERAL","CIUDAD AUTONOMA DE BUENOS AIRES","1351","","","02"
"Ciudad Autonoma de Buenos Aires","5001","Capital Federal","CAPITAL FEDERAL","CIUDAD AUTONOMA DE BUENOS AIRES","1352","","","02"
"Ciudad Autonoma de Buenos Aires","5001","Capital Federal","CAPITAL FEDERAL","CIUDAD AUTONOMA DE BUENOS AIRES","1353","","","02"
"Ciudad Autonoma de Buenos Aires","5001","Capital Federal","CAPITAL FEDERAL","CIUDAD AUTONOMA DE BUENOS AIRES","1354","","","02"
"Ciudad Autonoma de Buenos Aires","5001","Capital Federal","CAPITAL FEDERAL","CIUDAD AUTONOMA DE BUENOS AIRES","1355","","","02"
"Ciudad Autonoma de Buenos Aires","5001","Capital Federal","CAPITAL FEDERAL","CIUDAD AUTONOMA DE BUENOS AIRES","1356","","","02"
"Ciudad Autonoma de Buenos Aires","5001","Capital Federal","CAPITAL FEDERAL","CIUDAD AUTONOMA DE BUENOS AIRES","1357","","","02"
"Ciudad Autonoma de Buenos Aires","5001","Capital Federal","CAPITAL FEDERAL","CIUDAD AUTONOMA DE BUENOS AIRES","1358","","","02"
"Ciudad Autonoma de Buenos Aires","5001","Capital Federal","CAPITAL FEDERAL","CIUDAD AUTONOMA DE BUENOS AIRES","1359","","","02"
"Ciudad Autonoma de Buenos Aires","5001","Capital Federal","CAPITAL FEDERAL","CIUDAD AUTONOMA DE BUENOS AIRES","1360","","","02"
"Ciudad Autonoma de Buenos Aires","5001","Capital Federal","CAPITAL FEDERAL","CIUDAD AUTONOMA DE BUENOS AIRES","1361","","","02"
"Ciudad Autonoma de Buenos Aires","5001","Capital Federal","CAPITAL FEDERAL","CIUDAD AUTONOMA DE BUENOS AIRES","1362","","","02"
"Ciudad Autonoma de Buenos Aires","5001","Capital Federal","CAPITAL FEDERAL","CIUDAD AUTONOMA DE BUENOS AIRES","1363","","","02"
"Ciudad Autonoma de Buenos Aires","5001","Capital Federal","CAPITAL FEDERAL","CIUDAD AUTONOMA DE BUENOS AIRES","1364","","","02"
"Ciudad Autonoma de Buenos Aires","5001","Capital Federal","CAPITAL FEDERAL","CIUDAD AUTONOMA DE BUENOS AIRES","1365","","","02"
"Ciudad Autonoma de Buenos Aires","5001","Capital Federal","CAPITAL FEDERAL","CIUDAD AUTONOMA DE BUENOS AIRES","1366","","","02"
"Ciudad Autonoma de Buenos Aires","5001","Capital Federal","CAPITAL FEDERAL","CIUDAD AUTONOMA DE BUENOS AIRES","1367","","","02"
"Ciudad Autonoma de Buenos Aires","5001","Capital Federal","CAPITAL FEDERAL","CIUDAD AUTONOMA DE BUENOS AIRES","1368","","","02"
"Ciudad Autonoma de Buenos Aires","5001","Capital Federal","CAPITAL FEDERAL","CIUDAD AUTONOMA DE BUENOS AIRES","1369","","","02"
"Ciudad Autonoma de Buenos Aires","5001","Capital Federal","CAPITAL FEDERAL","CIUDAD AUTONOMA DE BUENOS AIRES","1370","","","02"
"Ciudad Autonoma de Buenos Aires","5001","Capital Federal","CAPITAL FEDERAL","CIUDAD AUTONOMA DE BUENOS AIRES","1371","","","02"
"Ciudad Autonoma de Buenos Aires","5001","Capital Federal","CAPITAL FEDERAL","CIUDAD AUTONOMA DE BUENOS AIRES","1372","","","02"
"Ciudad Autonoma de Buenos Aires","5001","Capital Federal","CAPITAL FEDERAL","CIUDAD AUTONOMA DE BUENOS AIRES","1373","","","02"
"Ciudad Autonoma de Buenos Aires","5001","Capital Federal","CAPITAL FEDERAL","CIUDAD AUTONOMA DE BUENOS AIRES","1374","","","02"
"Ciudad Autonoma de Buenos Aires","5001","Capital Federal","CAPITAL FEDERAL","CIUDAD AUTONOMA DE BUENOS AIRES","1375","","","02"
"Ciudad Autonoma de Buenos Aires","5001","Capital Federal","CAPITAL FEDERAL","CIUDAD AUTONOMA DE BUENOS AIRES","1376","","","02"
"Ciudad Autonoma de Buenos Aires","5001","Capital Federal","CAPITAL FEDERAL","CIUDAD AUTONOMA DE BUENOS AIRES","1377","","","02"
"Ciudad Autonoma de Buenos Aires","5001","Capital Federal","CAPITAL FEDERAL","CIUDAD AUTONOMA DE BUENOS AIRES","1378","","","02"
"Ciudad Autonoma de Buenos Aires","5001","Capital Federal","CAPITAL FEDERAL","CIUDAD AUTONOMA DE BUENOS AIRES","1379","","","02"
"Ciudad Autonoma de Buenos Aires","5001","Capital Federal","CAPITAL FEDERAL","CIUDAD AUTONOMA DE BUENOS AIRES","1380","","","02"
"Ciudad Autonoma de Buenos Aires","5001","Capital Federal","CAPITAL FEDERAL","CIUDAD AUTONOMA DE BUENOS AIRES","1381","","","02"
"Ciudad Autonoma de Buenos Aires","5001","Capital Federal","CAPITAL FEDERAL","CIUDAD AUTONOMA DE BUENOS AIRES","1382","","","02"
"Ciudad Autonoma de Buenos Aires","5001","Capital Federal","CAPITAL FEDERAL","CIUDAD AUTONOMA DE BUENOS AIRES","1383","","","02"
"Ciudad Autonoma de Buenos Aires","5001","Capital Federal","CAPITAL FEDERAL","CIUDAD AUTONOMA DE BUENOS AIRES","1384","","","02"
"Ciudad Autonoma de Buenos Aires","5001","Capital Federal","CAPITAL FEDERAL","CIUDAD AUTONOMA DE BUENOS AIRES","1385","","","02"
"Ciudad Autonoma de Buenos Aires","5001","Capital Federal","CAPITAL FEDERAL","CIUDAD AUTONOMA DE BUENOS AIRES","1386","","","02"
"Ciudad Autonoma de Buenos Aires","5001","Capital Federal","CAPITAL FEDERAL","CIUDAD AUTONOMA DE BUENOS AIRES","1387","","","02"
"Ciudad Autonoma de Buenos Aires","5001","Capital Federal","CAPITAL FEDERAL","CIUDAD AUTONOMA DE BUENOS AIRES","1388","","","02"
"Ciudad Autonoma de Buenos Aires","5001","Capital Federal","CAPITAL FEDERAL","CIUDAD AUTONOMA DE BUENOS AIRES","1389","","","02"
"Ciudad Autonoma de Buenos Aires","5001","Capital Federal","CAPITAL FEDERAL","CIUDAD AUTONOMA DE BUENOS AIRES","1390","","","02"
"Ciudad Autonoma de Buenos Aires","5001","Capital Federal","CAPITAL FEDERAL","CIUDAD AUTONOMA DE BUENOS AIRES","1391","","","02"
"Ciudad Autonoma de Buenos Aires","5001","Capital Federal","CAPITAL FEDERAL","CIUDAD AUTONOMA DE BUENOS AIRES","1392","","","02"
"Ciudad Autonoma de Buenos Aires","5001","Capital Federal","CAPITAL FEDERAL","CIUDAD AUTONOMA DE BUENOS AIRES","1393","","","02"
"Ciudad Autonoma de Buenos Aires","5001","Capital Federal","CAPITAL FEDERAL","CIUDAD AUTONOMA DE BUENOS AIRES","1394","","","02"
"Ciudad Autonoma de Buenos Aires","5001","Capital Federal","CAPITAL FEDERAL","CIUDAD AUTONOMA DE BUENOS AIRES","1395","","","02"
"Ciudad Autonoma de Buenos Aires","5001","Capital Federal","CAPITAL FEDERAL","CIUDAD AUTONOMA DE BUENOS AIRES","1396","","","02"
"Ciudad Autonoma de Buenos Aires","5001","Capital Federal","CAPITAL FEDERAL","CIUDAD AUTONOMA DE BUENOS AIRES","1397","","","02"
"Ciudad Autonoma de Buenos Aires","5001","Capital Federal","CAPITAL FEDERAL","CIUDAD AUTONOMA DE BUENOS AIRES","1398","","","02"
"Ciudad Autonoma de Buenos Aires","5001","Capital Federal","CAPITAL FEDERAL","CIUDAD AUTONOMA DE BUENOS AIRES","1399","","","02"
"Ciudad Autonoma de Buenos Aires","5001","Capital Federal","CAPITAL FEDERAL","CIUDAD AUTONOMA DE BUENOS AIRES","1400","","","02"
"Ciudad Autonoma de Buenos Aires","5001","Capital Federal","CAPITAL FEDERAL","CIUDAD AUTONOMA DE BUENOS AIRES","1401","","","02"
"Ciudad Autonoma de Buenos Aires","5001","Capital Federal","CAPITAL FEDERAL","CIUDAD AUTONOMA DE BUENOS AIRES","1402","","","02"
"Ciudad Autonoma de Buenos Aires","5001","Capital Federal","CAPITAL FEDERAL","CIUDAD AUTONOMA DE BUENOS AIRES","1403","","","02"
"Ciudad Autonoma de Buenos Aires","5001","Capital Federal","CAPITAL FEDERAL","CIUDAD AUTONOMA DE BUENOS AIRES","1404","","","02"
"Ciudad Autonoma de Buenos Aires","5001","Capital Federal","CAPITAL FEDERAL","CIUDAD AUTONOMA DE BUENOS AIRES","1405","","","02"
"Ciudad Autonoma de Buenos Aires","5001","Capital Federal","CAPITAL FEDERAL","CIUDAD AUTONOMA DE BUENOS AIRES","1406","","","02"
"Ciudad Autonoma de Buenos Aires","5001","Capital Federal","CAPITAL FEDERAL","CIUDAD AUTONOMA DE BUENOS AIRES","1407","","","02"
"Ciudad Autonoma de Buenos Aires","5001","Capital Federal","CAPITAL FEDERAL","CIUDAD AUTONOMA DE BUENOS AIRES","1408","","","02"
"Ciudad Autonoma de Buenos Aires","5001","Capital Federal","CAPITAL FEDERAL","CIUDAD AUTONOMA DE BUENOS AIRES","1409","","","02"
"Ciudad Autonoma de Buenos Aires","5001","Capital Federal","CAPITAL FEDERAL","CIUDAD AUTONOMA DE BUENOS AIRES","1410","","","02"
"Ciudad Autonoma de Buenos Aires","5001","Capital Federal","CAPITAL FEDERAL","CIUDAD AUTONOMA DE BUENOS AIRES","1411","","","02"
"Ciudad Autonoma de Buenos Aires","5001","Capital Federal","CAPITAL FEDERAL","CIUDAD AUTONOMA DE BUENOS AIRES","1412","","","02"
"Ciudad Autonoma de Buenos Aires","5001","Capital Federal","CAPITAL FEDERAL","CIUDAD AUTONOMA DE BUENOS AIRES","1413","","","02"
"Ciudad Autonoma de Buenos Aires","5001","Capital Federal","CAPITAL FEDERAL","CIUDAD AUTONOMA DE BUENOS AIRES","1414","","","02"
"Ciudad Autonoma de Buenos Aires","5001","Capital Federal","CAPITAL FEDERAL","CIUDAD AUTONOMA DE BUENOS AIRES","1415","","","02"
"Ciudad Autonoma de Buenos Aires","5001","Capital Federal","CAPITAL FEDERAL","CIUDAD AUTONOMA DE BUENOS AIRES","1416","","","02"
"Ciudad Autonoma de Buenos Aires","5001","Capital Federal","CAPITAL FEDERAL","CIUDAD AUTONOMA DE BUENOS AIRES","1417","","","02"
"Ciudad Autonoma de Buenos Aires","5001","Capital Federal","CAPITAL FEDERAL","CIUDAD AUTONOMA DE BUENOS AIRES","1418","","","02"
"Ciudad Autonoma de Buenos Aires","5001","Capital Federal","CAPITAL FEDERAL","CIUDAD AUTONOMA DE BUENOS AIRES","1419","","","02"
"Ciudad Autonoma de Buenos Aires","5001","Capital Federal","CAPITAL FEDERAL","CIUDAD AUTONOMA DE BUENOS AIRES","1420","","","02"
"Ciudad Autonoma de Buenos Aires","5001","Capital Federal","CAPITAL FEDERAL","CIUDAD AUTONOMA DE BUENOS AIRES","1421","","","02"
"Ciudad Autonoma de Buenos Aires","5001","Capital Federal","CAPITAL FEDERAL","CIUDAD AUTONOMA DE BUENOS AIRES","1422","","","02"
"Ciudad Autonoma de Buenos Aires","5001","Capital Federal","CAPITAL FEDERAL","CIUDAD AUTONOMA DE BUENOS AIRES","1423","","","02"
"Ciudad Autonoma de Buenos Aires","5001","Capital Federal","CAPITAL FEDERAL","CIUDAD AUTONOMA DE BUENOS AIRES","1424","","","02"
"Ciudad Autonoma de Buenos Aires","5001","Capital Federal","CAPITAL FEDERAL","CIUDAD AUTONOMA DE BUENOS AIRES","1425","","","02"
"Ciudad Autonoma de Buenos Aires","5001","Capital Federal","CAPITAL FEDERAL","CIUDAD AUTONOMA DE BUENOS AIRES","1426","","","02"
"Ciudad Autonoma de Buenos Aires","5001","Capital Federal","CAPITAL FEDERAL","CIUDAD AUTONOMA DE BUENOS AIRES","1427","","","02"
"Ciudad Autonoma de Buenos Aires","5001","Capital Federal","CAPITAL FEDERAL","CIUDAD AUTONOMA DE BUENOS AIRES","1428","","","02"
"Ciudad Autonoma de Buenos Aires","5001","Capital Federal","CAPITAL FEDERAL","CIUDAD AUTONOMA DE BUENOS AIRES","1429","","","02"
"Ciudad Autonoma de Buenos Aires","5001","Capital Federal","CAPITAL FEDERAL","CIUDAD AUTONOMA DE BUENOS AIRES","1430","","","02"
"Ciudad Autonoma de Buenos Aires","5001","Capital Federal","CAPITAL FEDERAL","CIUDAD AUTONOMA DE BUENOS AIRES","1431","","","02"
"Ciudad Autonoma de Buenos Aires","5001","Capital Federal","CAPITAL FEDERAL","CIUDAD AUTONOMA DE BUENOS AIRES","1432","","","02"
"Ciudad Autonoma de Buenos Aires","5001","Capital Federal","CAPITAL FEDERAL","CIUDAD AUTONOMA DE BUENOS AIRES","1433","","","02"
"Ciudad Autonoma de Buenos Aires","5001","Capital Federal","CAPITAL FEDERAL","CIUDAD AUTONOMA DE BUENOS AIRES","1434","","","02"
"Ciudad Autonoma de Buenos Aires","5001","Capital Federal","CAPITAL FEDERAL","CIUDAD AUTONOMA DE BUENOS AIRES","1435","","","02"
"Ciudad Autonoma de Buenos Aires","5001","Capital Federal","CAPITAL FEDERAL","CIUDAD AUTONOMA DE BUENOS AIRES","1436","","","02"
"Ciudad Autonoma de Buenos Aires","5001","Capital Federal","CAPITAL FEDERAL","CIUDAD AUTONOMA DE BUENOS AIRES","1437","","","02"
"Ciudad Autonoma de Buenos Aires","5001","Capital Federal","CAPITAL FEDERAL","CIUDAD AUTONOMA DE BUENOS AIRES","1438","","","02"
"Ciudad Autonoma de Buenos Aires","5001","Capital Federal","CAPITAL FEDERAL","CIUDAD AUTONOMA DE BUENOS AIRES","1439","","","02"
"Ciudad Autonoma de Buenos Aires","5001","Capital Federal","CAPITAL FEDERAL","CIUDAD AUTONOMA DE BUENOS AIRES","1440","","","02"
"Ciudad Autonoma de Buenos Aires","5001","Capital Federal","CAPITAL FEDERAL","CIUDAD AUTONOMA DE BUENOS AIRES","1443","","","02"
"Ciudad Autonoma de Buenos Aires","5001","Capital Federal","CAPITAL FEDERAL","CIUDAD AUTONOMA DE BUENOS AIRES","1444","","","02"
"Ciudad Autonoma de Buenos Aires","5001","Capital Federal","CAPITAL FEDERAL","CIUDAD AUTONOMA DE BUENOS AIRES","1454","","","02"
"Ciudad Autonoma de Buenos Aires","5001","Capital Federal","CAPITAL FEDERAL","CIUDAD AUTONOMA DE BUENOS AIRES","1458","","","02"
"Ciudad Autonoma de Buenos Aires","5001","Capital Federal","CAPITAL FEDERAL","CIUDAD AUTONOMA DE BUENOS AIRES","1459","","","02"
"Ciudad Autonoma de Buenos Aires","5001","Capital Federal","CAPITAL FEDERAL","CIUDAD AUTONOMA DE BUENOS AIRES","1469","","","02"
"Ciudad Autonoma de Buenos Aires","5001","Capital Federal","CAPITAL FEDERAL","CIUDAD AUTONOMA DE BUENOS AIRES","1486","","","02"
"Ciudad Autonoma de Buenos Aires","5001","Capital Federal","CAPITAL FEDERAL","CIUDAD AUTONOMA DE BUENOS AIRES","1489","","","02"
"Ciudad Autonoma de Buenos Aires","5001","Capital Federal","CAPITAL FEDERAL","CIUDAD AUTONOMA DE BUENOS AIRES","1502","","","02"
"Ciudad Autonoma de Buenos Aires","5001","Capital Federal","CAPITAL FEDERAL","CIUDAD AUTONOMA DE BUENOS AIRES","1505","","","02"
"Ciudad Autonoma de Buenos Aires","5001","Capital Federal","CAPITAL FEDERAL","CIUDAD AUTONOMA DE BUENOS AIRES","1540","","","02"
"Ciudad Autonoma de Buenos Aires","5001","Capital Federal","CAPITAL FEDERAL","CIUDAD AUTONOMA DE BUENOS AIRES","1544","","","02"
"Ciudad Autonoma de Buenos Aires","5001","Capital Federal","CAPITAL FEDERAL","CIUDAD AUTONOMA DE BUENOS AIRES","1587","","","02"
"Ciudad Autonoma de Buenos Aires","5001","Capital Federal","CAPITAL FEDERAL","CIUDAD AUTONOMA DE BUENOS AIRES","1598","","","02"
